played_at,time_ms
"2022-08-15 15:10:12.000+00:00",42677
"2022-07-13 11:19:18.000+00:00",43742
"2022-07-07 11:31:30.000+00:00",44097
"2022-07-07 05:47:05.000+00:00",44460
"2022-04-21 12:05:12.000+00:00",44690
"2022-04-14 12:21:18.000+00:00",45160
"2022-04-07 12:09:34.000+00:00",45230
"2022-03-26 12:49:39.000+00:00",46053
"2022-03-03 12:52:09.000+00:00",46417
"2022-02-22 16:05:17.000+00:00",46660
"2022-02-14 12:30:53.000+00:00",47823
"2022-02-12 05:12:32.000+00:00",49065
"2022-01-25 16:16:11.000+00:00",51108
"2022-01-21 13:20:33.000+00:00",51588
"2022-01-17 14:54:39.000+00:00",53030
"2021-12-29 02:04:37.000+00:00",54532
"2021-12-28 17:33:03.000+00:00",54870
"2021-12-16 09:22:51.000+00:00",55307
"2021-12-16 08:56:09.000+00:00",55687
"2021-12-14 14:51:41.000+00:00",56027
"2021-12-14 14:36:32.000+00:00",56565
"2021-12-12 12:23:29.000+00:00",56573
"2021-11-27 00:00:00.000+00:00",59475
"2021-11-05 00:00:00.000+00:00",70470
"2021-09-26 00:00:00.000+00:00",83960
"2021-08-23 00:00:00.000+00:00",125850
